date,title,amount
2026-10-03,Ec *Hbomaxassin,"38,16"
2026-09-30,Amazon Prime Canais,"19,90"
2026-09-30,Amazon Prime Canais,"34,90"
2026-09-27,Petlove Saud*Petlove S,"54,50"
2026-09-26,Ifd*Ifood Club,"12,90"
2026-09-26,Conta Vivo,"197,64"
2026-09-20,Amazon Kindle Unltd,"24,90"
2026-09-20,Uber *One Membership U,"19,90"
2026-09-18,Dl*Google G1sk00,"9,99"
2026-09-17,Amazonprimebr,"19,90"
2026-09-16,Dl*Google Audior,"4,69"
2026-09-14,Pagamento recebido,"- 1.335,61"
2026-09-13,Dl*Google Backgr,"14,99"
2026-09-10,Dl*Google Globop,"22,90"
2026-09-08,Amazon Prime Canais,"29,90"
2026-09-08,Netflix Entretenimento,"44,90"
2026-09-05,Microsoft*Store,"99,00"
2026-09-05,Prado Som Car - Parcela 3/6,"343,72"
2026-09-05,Petz Digital,"87,60"
